MOF,LCD,LCD/PLD,PLD,density (cm3/g),Pore Volume (cm3/g),Porosity,Surface Area (m2/g),%C,%H,%O,%N,%Metal,O-to-M,MP,TDU,DU,H2O_Kh,FA_Kh,FA_denoised_predicted
HKUST1,13.37016,2.012017787,6.64515,0.8837,0.717607,0.63415,2311.41,46.15,15.38,30.77,0,7.692307692,4,16.66666667,61,0.847222,1.44E-05,6.02E-05,2.644771066
MIL101,33.65977,2.431960632,13.84059,0.439744,1.77899,0.7823,3155.83,45.28,22.64,24.53,0,5.660377358,4.333333333,12.5,4761,0.72932,7.71E-06,0.0345778,2.618304201
